"","baseMean","log2FoldChange","lfcSE","stat","pvalue","padj"
"Gm46206",42.036152302752,-1.05480190925174,0.325979463930644,-3.23579251445164,0.00121305524322822,0.00812851048575532
"Gm33533",192.077820926642,1.01365059379403,0.201697926685384,5.02558757272285,5.01893470781943e-07,8.6457382530683e-06
"D630023F18Rik",61.0313301909902,1.30696686505658,0.236950259817617,5.51578574365173,3.47225074533879e-08,7.62918715508466e-07
"Spag16",31.8170895170564,1.02370396341993,0.316883896497702,3.23053324808935,0.00123559532767172,0.00825124223432876
"Slc23a3",13.7468431848205,-1.35180894353457,0.465442298260409,-2.90435344743474,0.00368012448112188,0.020097038547902
"Gm32793",41.6564388198361,1.42642260107255,0.328514122939228,4.34204346622999,1.411635961208e-05,0.000171784530924414
"Gm32974",11.6602420088561,1.63322375714601,0.592004589962545,2.7588025242327,0.00580135802710314,0.0291380628293663
"Gm41905",45.7045189917184,-1.28741265982344,0.242031270526289,-5.31919969276699,1.04224691413648e-07,2.09878443029153e-06
"Gm35591",28.9188031846933,-1.29770923916061,0.3518889068173,-3.68783787729455,0.000226167669383269,0.00196558046577674
"Gpr35",190.201354639592,-1.15118411945775,0.131838608813457,-8.73176780169608,2.50722545975251e-18,1.89820290330797e-16
"Crocc2",75.4945892277049,1.04852192917565,0.227616141424151,4.60653591004243,4.09432382426549e-06,5.79105193768123e-05
"Slc45a3",164.867644272988,1.02726347359353,0.125982582880353,8.15401184915485,3.52046356306045e-16,2.17611439168544e-14
"Chit1",10.0229363568108,1.47778682401296,0.521097227267275,2.83591381163691,0.00456947756150814,0.0239483781081134
"Ptprv",3622.16094782245,-1.58803005113142,0.0653768188569422,-24.2904148427037,2.47533211770835e-130,2.6089721228073e-126
"Ptpn7",378.029449733169,-1.45152826050516,0.11543530441134,-12.5743876009788,2.92054639482259e-36,7.92319899028745e-34
"Tnnt2",186.466314675292,1.41779697055726,0.160792807021382,8.81753976947937,1.17002044958628e-18,9.10518304452939e-17
"Lhx9",42.0675064316342,2.22414225954908,0.512482761799978,4.33993575069197,1.42524380944441e-05,0.000173237631175343
"Rgs16",371.484566726824,1.35957793450267,0.495878771714549,2.74175466274105,0.00611119678014323,0.0304204910057436
"Gm38440",33.0264971277272,1.03372609551425,0.314568560635368,3.28617104464071,0.00101559319798044,0.00700974626719152
"Tdrd5",54.7757795878336,1.00148876004213,0.232884371990934,4.30036911227823,1.70513858779595e-05,0.000203833978184934
"Pappa2",11.4969006184867,1.32468528045237,0.495999269778179,2.67074038444612,0.00756841582265468,0.0362160377912577
"Fcrla",8.72503564491882,-1.99661673284333,0.687539790061493,-2.90400171990737,0.0036842613606762,0.0201131014975093
"Gm39701",20.3119888465704,-2.9330458267895,0.464703652464643,-6.3116478883554,2.76079801708639e-10,8.24566783910526e-09
"Ccdc121",22.2104503801933,1.04331294034989,0.363075940920022,2.87353917669721,0.00405900732887671,0.0217754985319826
"Gm33973",33.6357314079971,-2.34127048211391,0.324246759387511,-7.22064419868522,5.17418703600136e-13,2.19235130963589e-11
"Sfmbt2",313.145608908353,1.70704957083742,0.122872988646309,13.8927976737929,7.00450108714761e-44,2.63113307183181e-41
"Enkur",69.190409043407,1.08846402480731,0.241871361510593,4.5001773587802,6.78967879777683e-06,9.0527505772679e-05
"Tmem210",24.3976847107649,-1.10526926034375,0.312247001724654,-3.53972737684893,0.000400540564857687,0.00322363364374339
"Lrrc26",73.2557927842343,-1.10295582110709,0.183064585244645,-6.02495463354161,1.69157064840877e-09,4.47110277068585e-08
"Sohlh1",8.37648293011337,-4.05944521747931,0.861289340823389,-4.71321892083152,2.43833987487134e-06,3.62190819588303e-05
"1700001O22Rik",217.212795344794,-1.03945006773785,0.144289914388971,-7.20389967753211,5.85144255768092e-13,2.44745669120303e-11
"Gm14424",11.2818236033072,1.44607021707822,0.472541200071774,3.06019923100584,0.00221189799313077,0.0133184351109197
"Gm39857",18.1340507766576,-1.83032839354922,0.399393483047392,-4.58276980281131,4.58857088219007e-06,6.40203964584419e-05
"Chrm4",4734.99537087558,-1.00697319760314,0.0625768111309281,-16.0917946984591,2.91270154864766e-58,2.10717775369388e-55
"Rag1",10.4615582136061,1.30336578664114,0.512010047782268,2.54558634598397,0.0109094379392563,0.0485186819825803
"Wt1",46.4324301708589,5.85078933778454,0.634090012649162,9.22706433009494,2.78150564675225e-20,2.56279008481187e-18
"Gm39903",27.4728984880288,-1.54061791695562,0.392042403576016,-3.92972265985227,8.50438945287703e-05,0.000835174656526129
"Bbox1",65.1994151482009,1.05242798537308,0.21242140913743,4.95443462900763,7.25408985147434e-07,1.20488211793238e-05
"Gm13974",32.0470705576852,-1.01965082445336,0.300537263651683,-3.39276005931535,0.000691922175299591,0.00510397124249506
"Mir674",9.45657437724789,-1.70728793836989,0.524894726698891,-3.25262924454808,0.0011434258269894,0.00774074706075626
"Gpat2",84.9106693830459,-1.05617797792332,0.194943187938209,-5.41787578778132,6.03112910535285e-08,1.27083111990137e-06
"Slc4a11",367.801368229161,-1.98796128518818,0.165093196656875,-12.0414488630922,2.15143469587073e-33,5.31949036891683e-31
"Tpx2",103.363865579276,1.08434372326954,0.167295526066058,6.48160622562842,9.07512392927866e-11,2.93484098858609e-09
"Gm33977",16.4664661717699,-1.0039703407677,0.390481643103103,-2.57110765256285,0.0101373809424903,0.0457591086897766
"Sla2",9.84579989619357,-2.46361524229942,0.656567761498522,-3.75226349322508,0.000175245131087803,0.00157798723839358
"1110015O18Rik",46.8751512988674,1.18840051556108,0.230443643762916,5.15701147645332,2.50922429309009e-07,4.64575148027761e-06
"Gm30223",218.705305699742,1.24161065922057,0.121439444017981,10.2241135016786,1.54636296899722e-24,2.08311088782226e-22
"Ect2",36.7592032457601,1.02655725656423,0.261798071377996,3.92117959907369,8.8116555056379e-05,0.000864046521042294
"Tmem212",55.0783265568001,1.01552296945499,0.310035083933571,3.27550984414583,0.00105471438488424,0.00723629648048609
"Strit1",20.5951271129508,-2.27942962375641,0.384602624871889,-5.92671364246588,3.09057221810056e-09,7.81970817825884e-08
"Shox2",169.739636843748,3.6982993462005,0.948228617752767,3.90021907898667,9.61056827314708e-05,0.000932091509828112
"S100a9",16.3094407047708,-1.44018376915093,0.547638247252173,-2.62980859422655,0.00854329541823563,0.0399320864810712
"Sprr1a",14.1378613486742,-1.40098713997309,0.507213524577646,-2.76212496727031,0.00574264936436258,0.0288803218419398
"Bnipl",20.5570894225948,-1.46223794034127,0.365320622923564,-4.00261537013533,6.26461022523091e-05,0.00063811392856477
"Ankrd35",605.582678611533,-1.10605562687921,0.102446221238876,-10.7964511868154,3.57765367354136e-27,5.97284694062252e-25
"Nhlh2",14.1558103294138,1.7375302740228,0.580602624310414,2.99263248437169,0.002765825920026,0.0159695747022717
"Pifo",26.078803464712,1.01525282471294,0.341166302049067,2.97582973058964,0.00292197045133995,0.0167192052640211
"Gm12500",37.7070113804171,-1.07901310033532,0.257718080533706,-4.18679627793594,2.82919549827667e-05,0.000319622184313696
"Arsj",16.7553330596752,1.75375268246987,0.5079145017261,3.4528501874034,0.000554696973095674,0.0042390046852417
"Dkk2",36.4194923319454,-1.09206020782774,0.284895376096215,-3.83319737509159,0.000126488383622154,0.0011861246266402
"Ddit4l",830.943322638765,-2.07564146247136,0.114082418462028,-18.1942273880023,5.73419654943936e-74,8.00043294287136e-71
"Gm34162",96.6781723708312,-1.1057457139713,0.242221656953931,-4.56501589443592,4.99456497000583e-06,6.89461749534444e-05
"Gm52634",9.09043117846484,-1.41788459434225,0.514495519681965,-2.75587355011121,0.00585356217709504,0.0293173410269737
"Penk",46647.8678437293,-1.28557169533542,0.0597470540037977,-21.5169051724911,1.08144350330046e-102,5.28095898749198e-99
"Gm52726",140.243853933312,-1.69988859691952,0.182376843797777,-9.32074797173475,1.15523000945261e-20,1.07967022845157e-18
"Gm33105",13.6160312357323,-1.15830452320523,0.447527788938712,-2.58822927164385,0.00964707466817586,0.0440271751152988
"Cnr1",12393.2136119709,-1.26116576327948,0.0823046302178167,-15.3231447604082,5.35621164733343e-53,3.26946506585512e-50
"Cfap206",68.7853836741914,1.23659328438392,0.293046154523293,4.21979017740575,2.44529796647077e-05,0.00028179354087949
"Tmem215",26.3869009006532,2.13590278103454,0.545849423460295,3.91298898420455,9.11606947077316e-05,0.000890320924863061
"Arid3c",17.1860316545453,-2.83973807678542,0.469472392601731,-6.04878608739506,1.45941280752009e-09,3.91038551019065e-08
"Cd72",141.240537791346,-1.02528975439498,0.196196203605523,-5.2258389079559,1.73367252488102e-07,3.31998288514716e-06
"Arhgef39",248.799904627945,-1.21329858508724,0.126154744194567,-9.61754227186245,6.74228464005751e-22,7.04262277402371e-20
"Ccdc180",48.9060462176676,1.22640692451149,0.332073504237735,3.69317909697936,0.000221467932556377,0.00193127861155392
"Gm42281",18.5012218519308,-1.06007672208117,0.370359864672245,-2.86228833952971,0.00420594080051625,0.0224282396004597
"Gm33106",27.7978212955704,1.04343426887544,0.29703013398542,3.5128902743809,0.000443260489423278,0.00351816624945343
"Ptpn3",707.281501509913,1.38944606689514,0.502198252168746,2.76672820125281,0.00566219406708129,0.0285271180583696
"Stil",28.4753286990414,1.4448718313848,0.303704942021267,4.75748541254763,1.96019417005969e-06,2.95207962403824e-05
"Cyp4x1os",27.0711150003236,1.15058269577516,0.321612820950094,3.5775398890385,0.000346843301534012,0.00283468209575894
"Gm12930",144.277889438072,-1.77795777875552,0.170947552917901,-10.4006038601173,2.46366921702039e-25,3.61825945985408e-23
"Gm32371",57.4593319806728,-1.91591912436125,0.270408228222556,-7.08528411637082,1.38759324607806e-12,5.50891440561846e-11
"Clspn",747.140215716014,-1.56358720946635,0.146417472890628,-10.6789659635386,1.27685956759265e-26,2.0277152791697e-24
"Pum1",21.4739617403829,4.72827227017135,1.46781377539006,3.22130255857207,0.00127609354317726,0.00843802815805058
"Sytl1",19.4688287574237,-1.60705125880928,0.39857169335576,-4.03202556929913,5.52981689282014e-05,0.000571199964925731
"Ifnlr1",31.1937746266729,1.30804309171923,0.290813174277391,4.49788113956473,6.86340478100546e-06,9.12613244298023e-05
"E2f2",28.952276509981,1.0964244726118,0.330199347525334,3.32049254739269,0.000898587582220641,0.00633193046302878
"Gm13003",17.1894302965148,-1.03336770529086,0.371833680144321,-2.77911270676118,0.00545076091415635,0.0276688443181435
"Rap1gapos",27.3269293295907,-1.30628825479019,0.29647304605663,-4.40609449042689,1.05251064692007e-05,0.000133411359288058
"Gm32549",23.6747621291242,-1.41441792097027,0.333664283105444,-4.23904502995093,2.24472633375091e-05,0.000260215071081048
"Spata21",21.3754334128253,-1.24000404673458,0.354905721012665,-3.49389703608169,0.000476024571543103,0.00371927518238057
"Tnfrsf25",335.349884333328,-1.95799406470092,0.146977498874563,-13.3217266567582,1.73058235374099e-40,5.8281836406246e-38
"Mmp23",175.11699265762,-1.17595173062373,0.159966389483067,-7.35124256053931,1.96372687356295e-13,8.69784059440023e-12
"LOC100862220",33.6272825144458,1.11603953032454,0.395215870367835,2.82387326522547,0.00474471421437975,0.0247340546435761
"LOC100041599",25.4106780198483,-1.26103673560367,0.419490260528714,-3.00611683812228,0.00264607303136099,0.0154562633138679
"Gm29868",8.21660250892597,2.06491652840726,0.598689968273888,3.44905817339936,0.000562545496103464,0.00429120276867177
"Gm40262",20.9223327588424,1.08248993891651,0.402267911032728,2.69096765918383,0.00712451011042662,0.0345656700488476
"Slc26a5",114.831700438342,-1.34805480529606,0.213126718182391,-6.32513284487593,2.530148161695e-10,7.5683589651437e-09
"Gm10471",8.56565688729321,2.63410939562542,0.820037290789964,3.21218245220033,0.00131730686774097,0.008666539254828
"Gm52769",30.8494526613533,1.28073652323286,0.35754749482512,3.58200390652796,0.000340968692801358,0.00278900396837895
"9530036O11Rik",29.8811732166499,-1.04381059604461,0.351388389859373,-2.97053239710723,0.00297284047638297,0.0169295898032619
"5830416I19Rik",10.0024843084419,-1.52351807684662,0.505709930974219,-3.01263230862732,0.00258992509424923,0.0151873331930262
"Ccdc158",16.0950940762789,1.3017659976434,0.417858983037146,3.11532371084069,0.00183743143015415,0.011455511903114
"Gm8493",385.427701932655,-1.36948546974352,0.106570779830848,-12.8504780758591,8.5480327516901e-38,2.52982914755701e-35
"Gm42155",8.99464273390042,-1.72452418743852,0.557366905701177,-3.09405558492756,0.00197440491299332,0.0121506147339315
"Gm42154",39.7720465306913,-1.51038835642246,0.27333862659505,-5.52570405155394,3.28166914769578e-08,7.24303315954143e-07
"4833439F03Rik",49.8244904286876,1.00406317276064,0.259443421692413,3.87006602908213,0.000108805880065351,0.0010413058575779
"Gm30466",783.440164612666,-2.18983257485733,0.122970815377782,-17.8077421714241,6.15427751135606e-71,7.07126486054812e-68
"Hrk",1898.75136061175,-1.28930254035559,0.0730842608293164,-17.6413160060095,1.1866490496001e-69,1.28771199365771e-66
"Cfap73",9.54977495665432,1.72583226937794,0.574949119493473,3.00171304010065,0.00268465115167096,0.0156301443453415
"Adam1b",25.2588196438255,-1.34194495102014,0.330776373723444,-4.05695526531806,4.97165999413732e-05,0.000521543687784555
"Lrrc43",22.006608502792,1.22104237353596,0.381916153949683,3.1971477532653,0.00138793812705857,0.00906733899571948
"Auts2",42.4991087022145,1.13628226228664,0.431548694032615,2.63303371786074,0.00846259456651529,0.0396307503399048
"Abhd11os",344.770577618018,-1.92688690696406,0.148161969470703,-13.0052733089855,1.14189929832708e-38,3.48511234284733e-36
"Grid2ip",166.322883883853,1.62642483630624,0.600833461675756,2.70694783171706,0.00679049271523349,0.0332677938817797
"Gm33097",19.5565615438821,1.27574438155761,0.374482256541975,3.40668845925577,0.000657561365452333,0.00489114476442514
"A430010J10Rik",11.3341039259043,-1.27918833578886,0.474228454863885,-2.69740949255359,0.00698812782141918,0.0340396759939603
"Gm52906",7.70480749146866,-1.99674092984036,0.659718073359081,-3.02665791718207,0.00247273621287096,0.0146407870403178
"1810020O05Rik",346.434618337058,-1.12369151437862,0.130438687959916,-8.61471034363622,7.01186401320797e-18,5.03539484448498e-16
"Tafa4",48.7403450935904,1.31717290312583,0.429702707290692,3.06531208851511,0.00217442968773383,0.0131333132623701
"Il17rc",268.651100633034,-1.20612345384389,0.14927473018146,-8.07989036307558,6.48250274913881e-16,3.95696019371651e-14
"Gm38888",92.9390377641925,-1.30526396674371,0.178674968745859,-7.30524245172962,2.76767229267745e-13,1.20941706695456e-11
"Clec12b",11.1908484846444,-1.4380740963806,0.510725084492362,-2.81574988197414,0.00486635363600024,0.0252871736025519
"B230110G15Rik",37.636235822088,1.0190096982275,0.273921501381481,3.7200792675576,0.000199160260520047,0.00176238984787807
"Pik3c2g",10.4737543940252,1.76798968132741,0.625917566470182,2.82463662315449,0.00473342635394274,0.0246883890444763
"Ssc5d",239.128377427877,-1.01132313609153,0.130925310611885,-7.72442800681601,1.12356720433296e-14,5.8524368539295e-13
"Psg16",56.9681576412809,1.15625245200705,0.245513108229176,4.70953449429564,2.48283193934872e-06,3.67402699024988e-05
"Cyp2a5",42.3141002159756,-1.181111551543,0.265593630950768,-4.44706278277409,8.70524013351518e-06,0.000112983026928872
"Hipk4",4025.514056054,-1.32515048696294,0.0551566777365239,-24.025204949671,1.51656893723806e-127,9.87438035035703e-124
"Ryr1",5315.93480911118,-1.99757195652557,0.107731390601463,-18.5421532700279,9.43666325765887e-77,1.41789494932193e-73
"Dmkn",418.202438302433,-1.12047079310029,0.131578463933179,-8.51560931482916,1.65716636700209e-17,1.1601946468334e-15
"Ffar3",28.7397748822445,-1.91201733367547,0.349928107076407,-5.46402902484762,4.65447381722277e-08,1.00017422521246e-06
"Kash5",83.8235550637642,-1.52232456129916,0.206526608865359,-7.37108196209045,1.69248743391177e-13,7.58242134096299e-12
"Mir7056",33.9198478950196,-1.40745148529161,0.262594584784176,-5.35978868889613,8.3319351006283e-08,1.70238167699344e-06
"Slc17a6",541.236104303388,2.23555661822099,0.661023347347434,3.38196317451097,0.000719697918344659,0.00527301554352072
"BC046251",45.1723680395512,1.53478488693512,0.25766334509,5.95655112060674,2.57616554459759e-09,6.62108441876642e-08
"Gm44812",26.1448287618524,1.03757866623614,0.409328522540052,2.53483109312182,0.0112501556514426,0.0497170340134905
"Tmc3",218.605251477256,1.22790349539205,0.114230195760349,10.749377493567,5.96629089062218e-27,9.79324033332126e-25
"Gm39043",333.061449776261,-1.56860440214789,0.127967324777099,-12.2578510168919,1.52490377141801e-34,3.97145938228107e-32
"Gm34877",6.35673403706167,1.75360365523181,0.689134656371178,2.54464586713122,0.0109388613315629,0.048605272609058
"Gm20476",14.5999156032882,-1.59509297024814,0.415278189036898,-3.84102274657728,0.000122522759139143,0.00115559490790192
"Stk33",46.6867505860504,1.05039924219124,0.241905261209335,4.3421926292139,1.41067764373108e-05,0.000171784530924414
"Gpr139",554.896609612115,-1.25911663839626,0.114949463525839,-10.9536538908094,6.38201419858902e-28,1.12368599699017e-25
"Lat",39.7877712252167,-1.15666367916062,0.264716125224797,-4.36944926637312,1.24560273150321e-05,0.000153989608572483
"Itgax",21.4505642841977,1.14723588136149,0.39417998072565,2.91043669759567,0.003609240711833,0.0197809480427144
"Itgad",18.2224979385177,1.40280313947756,0.446767775760408,3.13989328592457,0.00169009387744074,0.0106830796713878
"Gm35147",31.661255416821,-1.34443497825648,0.308036515157211,-4.36453119062956,1.27395672377254e-05,0.00015680023116225
"Gm36737",39.6129842266,-1.12894768628301,0.252678067007517,-4.46792909116812,7.89804753304723e-06,0.000103538632525511
"Fgf3",159.502799484964,-1.62608864952569,0.163021440794013,-9.97469192767312,1.96710953324125e-23,2.32870003107887e-21
"Gm33532",10.9465017735067,1.3846266395334,0.479940985404773,2.88499353387298,0.00391421701218532,0.0211146979510263
"Got1l1",17.828360579432,1.06308309779817,0.414791150532534,2.56293582067341,0.0103791232433028,0.0465844242443549
"Gm19410",2345.78718702246,-1.14535897566393,0.0639393627115871,-17.913205998476,9.30200602415709e-72,1.13560052293663e-68
"Gm30504",13.7263842668855,1.18115500116538,0.415140470629965,2.84519357838808,0.00443844405647046,0.0233997645762584
"Gm32507",37.3573644717289,-1.36512380953385,0.276371927158748,-4.93944455056656,7.83454175234618e-07,1.29359344081638e-05
"Tm6sf2",139.710121497405,-1.26237426113351,0.181659994958068,-6.9491043497216,3.67612568824077e-12,1.38354071422749e-10
"Gm38426",22.7797877601925,1.20047822015171,0.354550617716433,3.38591490231684,0.000709413788438813,0.00521134995471054
"Crnde",47.5640895428165,2.26835939505622,0.266252568703912,8.51957750529259,1.60136414941455e-17,1.12515992555807e-15
"Gm32005",12.0248362224316,1.4907054426984,0.481040130315988,3.09892116842554,0.0019422669200585,0.0119830384553072
"Plekhg4",577.138383136588,-1.50460361596615,0.146972443125156,-10.2373178534216,1.34924966763403e-24,1.8429995634892e-22
"Lrrc36",37.2491620337731,1.21508176312778,0.33044181224155,3.67714289812563,0.000235860926061958,0.00203492556040999
"Nrn1l",105.920225575769,-1.07441495757029,0.160643092369815,-6.68821137417404,2.25914676269348e-11,7.81025021516668e-10
"Calb2",270.481033579842,1.50431072180539,0.32586844176091,4.61631299329411,3.906176859234e-06,5.53696317789679e-05
"Hydin",90.6766070910778,1.0668754779262,0.279428807927053,3.81805829485096,0.000134506146700608,0.0012510993159538
"Slc38a8",39.5449147499269,-1.00427293714639,0.250484210109748,-4.00932632322962,6.08922196971596e-05,0.000621425144903144
"Piwil4",20.2955648869154,-1.48049969265939,0.395827605983147,-3.74026386811038,0.000183827171992604,0.00164484477807217
"Gm10706",71.0186907231649,-1.1924588450815,0.232046204438479,-5.13888536969219,2.76372920998376e-07,5.05941168309398e-06
"Gm34651",42.0408667526884,-1.39445027909251,0.291466236232421,-4.78426008143374,1.71618349533293e-06,2.62713261867853e-05
"Deup1",12.6950360086264,1.20792695000925,0.476224039999869,2.53646781462269,0.0111977035388591,0.0495720895119182
"Zglp1",57.1446238287092,-1.13734881787666,0.231336931154395,-4.91641698625971,8.81425488686093e-07,1.43833617965793e-05
"Gm7244",62.7203335624829,-1.92772107246642,0.214332348029921,-8.99407434381907,2.38231202661431e-19,1.98015748152584e-17
"AW551984",301.855414773026,1.74058933786718,0.484194322500942,3.59481567003256,0.000324621331108827,0.00268111139980918
"Jhy",7.97150579700094,1.60216614437049,0.608766427458986,2.63182408244487,0.00849278250134737,0.0397435363197935
"Scn4b",55560.4512302814,-1.50132393915282,0.0780080188668725,-19.2457642298923,1.53187592015419e-82,2.99221323483718e-79
"BC049352",155.740058487262,-1.26829475534135,0.138755306470253,-9.14051352416746,6.2156468661911e-20,5.51864682896867e-18
"Gm46111",162.382772238344,-1.26176365578415,0.135840020798782,-9.28860028410319,1.56330578389891e-20,1.45409770842368e-18
"Ankk1",452.265477031689,-1.15476542693153,0.136680631494114,-8.44863982781099,2.94716135467238e-17,2.01989132423914e-15
"Hoatz",9.7543163162626,1.63068512945854,0.625160994429789,2.60842430028107,0.00909601280369637,0.0420148126716177
"Ccdc33",33.4359885739491,1.07424279407845,0.350926778172344,3.06115936684342,0.00220481706596132,0.0132841104353846
"Gm39360",10.513664568905,-2.41437031447793,0.589754679566731,-4.09385528954457,4.2425915848714e-05,0.000451364604723819
"Gm36459",9.69284996064356,-1.37701420558269,0.507975104822025,-2.71079073070942,0.0067122974997493,0.0329177271058507
"Car12",2565.72085993515,-1.0552606396657,0.0943226786651512,-11.1877721731368,4.68045852258954e-29,8.79071118478284e-27
"Gm30639",21.6156004863581,-1.63046603964586,0.362543162160358,-4.49730186588012,6.8821244461512e-06,9.13858169997767e-05
"Onecut1",22.8134791148129,5.82596939758751,0.887657260625507,6.56330957455596,5.26264298295554e-11,1.75418439225376e-09
"Arpp19",18970.5743109517,-1.01955297957276,0.0527600758427372,-19.3243274064229,3.35325506576456e-83,7.27768124439768e-80
"Myo5c",458.446985954842,-1.19228013993081,0.0917666848443095,-12.9925162051307,1.34917229575109e-38,4.05436653121632e-36
"Gm19531",250.247189129687,-1.05644247528961,0.126501148374345,-8.3512481022177,6.75453696707784e-17,4.42739498583663e-15
"Fam83b",11.276695991612,1.45504110610608,0.491892224937891,2.95804859751504,0.00309593310937699,0.017477705614295
"Cd109",46.0052166074016,1.10780564065975,0.260663939676185,4.24993822327686,2.13829481259039e-05,0.000249059705273274
"Impg1",232.478403605794,-1.08316995744625,0.126183239206857,-8.58410327912547,9.15476997484343e-18,6.5025498879497e-16
"Ttk",13.7645817531087,1.18241235695738,0.426568318328366,2.77191789955477,0.00557270898805614,0.0281343304894548
"Col6a4",643.364714956644,-2.28840865857155,0.235361739380188,-9.72294249948165,2.40722610874063e-22,2.64159256078824e-20
"Traip",5262.84210588574,-1.53797196149006,0.184647614326833,-8.32922736151791,8.13716604310245e-17,5.24811708426257e-15
"Arpp21",46329.6043123925,-1.02463045562396,0.0566067226609074,-18.1008616549279,3.13721478206714e-73,4.08528108920783e-70
"Gm51695",43.6614048191075,-1.37446488614188,0.262660552687527,-5.2328561410476,1.66910642002066e-07,3.20576752234646e-06
"LOC115487199",22.8835525452303,-1.322083476065,0.41716379495596,-3.16921912220252,0.00152849113207656,0.00982105831672743
"Ttc21a",154.062709174668,1.02383984406862,0.193970367947848,5.27833119512303,1.30365682557955e-07,2.55409516289321e-06
"Lyzl4",12.1705143922557,-1.1006153858166,0.43084822349047,-2.55453156311075,0.01063307888897,0.0475167993452874
"H60b",23.2472898799743,1.09206647287804,0.364825842307043,2.99339121914215,0.00275895841317791,0.0159440043445574
"Gm17455",12.2185293423581,1.20435609770622,0.457014967539211,2.63526620187312,0.00840713207151746,0.0394277336741778
"Tmem26",12.3890936104689,1.37734931200903,0.481798365102803,2.85876709381348,0.00425290910736295,0.0226275124965736
"Upb1",115.012565564276,-1.50818544138313,0.164641428812288,-9.16042488371899,5.1693380489476e-20,4.61062466256135e-18
"Theg",28.9745832120722,-2.32288300595615,0.353298823686888,-6.57483934340752,4.87057282279566e-11,1.62905648882993e-09
"Gm51808",6.21294294812362,-2.29744998959448,0.689543214820039,-3.3318433714036,0.000862727970378815,0.00612342494382608
"Misp",40.5168398382212,-1.78248235705203,0.35808525739126,-4.97781553487529,6.43058969626904e-07,1.08190102099245e-05
"Plk5",944.798814163505,-1.49726632397997,0.091505581330407,-16.3625682959563,3.53883117833819e-60,2.6586149771723e-57
"Amh",76.3031241106725,-1.30729288887409,0.191703794354339,-6.81933757898258,9.14612529194255e-12,3.2961488067807e-10
"Smim24",38.1473300980001,1.0776367885894,0.253056834352076,4.25847731537686,2.05824101508646e-05,0.000240452283179927
"Gm6713",1569.32434693962,-1.7880343096688,0.0736201881414322,-24.2872825349726,2.67134810096483e-130,2.6089721228073e-126
"Gm6721",290.235619737742,-1.52110393121446,0.102482500281363,-14.8425724102974,7.77176289430392e-50,4.1028606652551e-47
"Gm32898",15.3760507596399,2.46704827154217,0.743974153705912,3.31604029421347,0.000913026634149906,0.00642209191388193
"Epyc",437.190266780572,-1.06922764676766,0.104942847593523,-10.1886662243921,2.22799882816449e-24,2.96051027962836e-22
"Tph2",55.9189264897754,-1.17113269010751,0.26077483722508,-4.49097275860508,7.08986196440784e-06,9.40803490154744e-05
"D930020B18Rik",21.6346972081231,1.03160394633548,0.359035562959947,2.87326396814502,0.00406254518013591,0.02178849396035
"Avil",41.6390020083272,-1.35162252366773,0.277684651158452,-4.86747293388022,1.13034306491233e-06,1.79212589991336e-05
"Stac3",169.776638760991,-1.07280299054157,0.135094941476364,-7.94110407701142,2.00389438312161e-15,1.14450494109691e-13
"Tac2",162.675604944373,1.39793679900241,0.530471469328784,2.6352723564403,0.00840697962157807,0.0394277336741778
"Sec14l4",13.1481180306611,1.51676533603156,0.561411923111166,2.70169776164734,0.00689864407289359,0.0337264314632404
"Sec14l3",207.672506146804,-1.94647735502584,0.163125868253558,-11.9323647185147,8.02606404819741e-33,1.86634653635048e-30
"Insyn2b",381.74072373504,1.02828644303027,0.135487388540232,7.58953622259042,3.21052517203408e-14,1.61626773673561e-12
"Adra1b",227.197500821849,1.23055981260717,0.462740351103666,2.65928789151887,0.00783060191459831,0.0372334827648123
"Gm4926",18.7868864592732,-1.43083870224498,0.375708506883872,-3.80837451382818,0.000139883302574446,0.00129617673111321
"9230009I02Rik",65.6922194963172,-1.62498141282771,0.256416545824702,-6.33727206487922,2.33868818023297e-10,7.03876675261796e-09
"Gm51864",47.9847647377826,-1.15716634556284,0.312144922945373,-3.70714453608252,0.000209609325181966,0.00184344842358367
"Cfap52",33.5091562005642,1.15965553970907,0.301227198416069,3.84977035874197,0.000118228619029728,0.00112104835704256
"Odf4",93.5573944007587,-1.9197965663844,0.190095127038555,-10.0991361340632,5.57309456635696e-24,7.161793168727e-22
"Gm51902",58.1163545191075,-1.36937081819716,0.22047283868601,-6.21106357752924,5.26271740028829e-10,1.48980665188161e-08
"n-TTagt5",9.18880956355794,-1.6428358818885,0.538447788686808,-3.05105883319741,0.00228035887162072,0.0136625674118851
"n-TScga3",8.32002563348652,-1.69500848255917,0.639739400101963,-2.64952960891421,0.00806039089927409,0.0380693216210426
"Spem1",11.2190871155252,-1.91683456258126,0.53027662796075,-3.61478228816666,0.00030060012320061,0.00251138674357465
"Ggt6",7.64210200904724,1.75360010570364,0.653967700202096,2.68147816040719,0.00732976986718285,0.0353424820576852
"Slc6a4",12.0080869833543,-1.97215897771945,0.528489327455515,-3.73169120976327,0.000190198560323301,0.00169641483050002
"Gm36875",61.6318982763925,-1.67234205886712,0.213708188900099,-7.82535319528108,5.062336241282e-15,2.73913057620391e-13
"Gm29979",15.4915884844309,-1.01743253460299,0.390388234630585,-2.60620696104164,0.00915511249206458,0.0422359027651151
"Gm11190",58.5462678440945,-1.40592156992675,0.266215580890948,-5.2811393128138,1.28383020812918e-07,2.53047986431758e-06
"Dusp14",1764.79502209799,-1.14504571708085,0.112928775709173,-10.1395389252223,3.68836320687186e-24,4.80298656798854e-22
"Gdpd1",26.1599643632982,-4.94316565035654,0.634321287060763,-7.7928421309358,6.5518461955581e-15,3.51585746532518e-13
"Epn3",122.887400394743,1.61870999416095,0.610862616661632,2.64987568400766,0.00805213933819083,0.038055271641152
"Prr15l",21.5600199757401,-1.00199294947791,0.336421666480534,-2.97838412121382,0.00289772577812708,0.0166134937290104
"Krt9",1183.9829175994,-1.32505015060236,0.0848149346150154,-15.6228399705419,5.08876136666557e-55,3.31329252583595e-52
"Kcnh4",3199.297318194,-1.22398727779799,0.0838760642289388,-14.5928077223215,3.12084460375674e-48,1.48681604012635e-45
"Wnt9b",31.8247113190174,3.5611375234381,1.13200321264149,3.14587227639425,0.00165592303235488,0.0104846497863818
"Rgs9",41957.8527566465,-1.02034303822718,0.060460768064224,-16.8761177023641,6.74364030576986e-64,6.27254886155251e-61
"Gm39441",12.265188649533,-1.89865657078562,0.493307748745446,-3.84882778673998,0.000118684405791846,0.00112399492720236
"Gm46302",52.8873904296888,-1.22937314206659,0.229359766954603,-5.36002088940874,8.32123293862884e-08,1.7019753192695e-06
"Gm11723",6.2914363814853,-2.1184122973104,0.778138627598709,-2.72240989224208,0.00648077043441898,0.0319185297265522
"Greb1",87.0618558307167,1.58017048189027,0.513973063931954,3.07442275243333,0.00210910332593275,0.0128100482790561
"1700030C10Rik",33.4886711785598,1.20141420737613,0.374268147388347,3.21003594818215,0.00132718373168464,0.00872270519212522
"Gm25821",15.5897876114637,-1.11263201583397,0.400990988337603,-2.77470578689717,0.00552516663830964,0.0279884626517336
"Gm21297",63.7945113355496,-1.09250861766378,0.206917186411212,-5.27993172830318,1.2923203043362e-07,2.53697412106523e-06
"C630031E19Rik",41.3042764675913,-1.28415543586318,0.28493589544703,-4.50682225855922,6.58057118246455e-06,8.82341324415837e-05
"Cdhr3",86.0419034308346,1.38420390153078,0.23583342469639,5.86941356303836,4.37339285100099e-09,1.08270573585047e-07
"Gm34581",9.47079199766078,-1.58829757652263,0.58718627595933,-2.7049296646583,0.00683188532875685,0.0334286613543606
"Gm34745",10.07074180201,-1.62047812377957,0.53007514335277,-3.05707246246242,0.00223510236643689,0.0134333090841883
"Gm34189",37.014726077772,-1.04961467100576,0.262058345688974,-4.00527091875754,6.19464422257056e-05,0.000631523933191392
"Esr2",14.1426327909223,1.792309257916,0.559144527138946,3.20544898666354,0.00134851948079842,0.00884507421707037
"Noxred1",96.4382094607498,-1.00600294745846,0.205013711300063,-4.90700324909514,9.24785016777273e-07,1.50477479218629e-05
"Ifi27l2b",34.0808567512,-3.16486488934457,0.374570868578893,-8.44930867515655,2.93032780059231e-17,2.01542580735808e-15
"Ak7",133.206728353383,1.03412633777579,0.225752355670286,4.58079976488106,4.63201169263521e-06,6.45342969987472e-05
"Gm32370",16.8594983722766,-1.62385111002769,0.427871564672997,-3.79518351790618,0.000147534285219351,0.00135549726866866
"Gm33236",28.1976031872255,-1.41614696221196,0.341208944989714,-4.1503805307761,3.31922982779065e-05,0.000365676910469457
"Gm34667",19.5546855474025,-1.5161504752541,0.363635041994593,-4.16942896080032,3.05363776405593e-05,0.000341814936649309
"Amn",65.5480493099122,1.0218440085518,0.23432480074908,4.36080178148115,1.29586720121162e-05,0.000159337330998688
"Lbhd2",10.3114990638554,1.75527068821938,0.58109147831838,3.02064434553223,0.00252237447596858,0.0148895559501645
"Gm51961",222.842323674124,-1.0292419536515,0.122859208885885,-8.37740990671266,5.41051518911284e-17,3.60694857300141e-15
"Vipr2",89.5190019116755,1.84258528175259,0.718205914599239,2.56553899696129,0.0103015640751762,0.0463428031046559
"Edaradd",16.8916612234495,2.42814701308251,0.642493635140032,3.77925457978006,0.000157298541363298,0.00143374354104027
"Gm6556",610.394225290129,-1.00602746474717,0.103851953757104,-9.68713084686047,3.42001183969406e-22,3.69077852291403e-20
"Aoah",23.6669291434438,-1.0619465045739,0.312239525613956,-3.40106366253853,0.000671241935359623,0.00498152307119283
"Gpx6",160.985250717514,-3.00411657119507,0.203497950708975,-14.7623922537249,2.56035421363717e-49,1.28234356038397e-46
"Gm52041",128.643522798314,-1.46577305103787,0.151681309828877,-9.66350470398442,4.30865921238939e-22,4.59896395604382e-20
"Dsp",65.6603948342499,1.55254960075717,0.221360748967837,7.01366257566623,2.32158910470862e-12,9.01542743186351e-11
"Sycp2l",16.8254637330461,1.82756744922331,0.415072721220105,4.4030054392666,1.06761488251586e-05,0.000134975543690501
"Cks2",19.0116531871909,1.33305138113555,0.380495611918715,3.50346059029015,0.000459254606668112,0.00362010501696862
"Gm33763",22.0212196437669,1.61870105936209,0.350073932992119,4.62388343378464,3.76621565210321e-06,5.35801094920117e-05
"Gm33873",12.254882231021,1.51167894838175,0.491253834221744,3.07718503770376,0.00208965540542907,0.0127196132858354
"Gm40954",60.9869056612709,-1.65821135674288,0.239285426061057,-6.92984685293688,4.21296452235388e-12,1.57345766759347e-10
"Fgfr4",16.8248997422297,1.82806856184791,0.418269157954414,4.37055548343143,1.2393085804631e-05,0.000153600345826052
"Rgs14",2708.32635226342,-1.19274665612515,0.0597326259795535,-19.9680934257507,1.04361554352734e-88,3.46741487541317e-85
"Gm33197",8.86698331199556,1.92009817761376,0.594404959758623,3.23028626543338,0.00123666329077071,0.00825273114404657
"Cntnap3",953.257363051801,-1.0275797808737,0.0938120292650664,-10.953603593525,6.3855601119085e-28,1.12368599699017e-25
"Gm31946",15.7537433147464,1.27377523059388,0.461777369683193,2.75841848089648,0.00580817897286164,0.0291573271336177
"9330111N05Rik",19.821157026249,-1.07663886758816,0.354364617254031,-3.03822338677894,0.00237977472030808,0.0141676743711605
"Gm41033",16.7734005052633,1.05710723361751,0.404510970505551,2.61329682182996,0.00896733845028346,0.0415349875109331
"Naip1",11.1526656053665,-1.38519294119631,0.535953907198758,-2.58453744359515,0.00975097160986939,0.0443872590201769
"Gm31803",68.4356238780907,-1.42852834994421,0.233848730100256,-6.1087710390036,1.00401240054417e-09,2.74669106720299e-08
"Gm32881",19.1828761374407,1.35241221366842,0.357069089592859,3.78753651068056,0.000152148332897879,0.00139264919704512
"Fst",106.823337068381,-1.02227451327056,0.163527813232792,-6.25138007450321,4.06841442095033e-10,1.18080741284432e-08
"Fgf10",78.9749817187169,1.49473786967684,0.542370184008358,2.75593665313617,0.00585243302059767,0.0293173410269737
"Gm3739",20.1284051431839,1.10446437086975,0.37592079291696,2.93802415742861,0.00330311284532489,0.0184658566707874
"Dusp13",8.32207804136622,-1.54976542460707,0.552158402276267,-2.80674063496666,0.00500455182616829,0.0258334859462329
"Prkcd",2059.76928521844,1.88313787746949,0.725773508219326,2.59466328839935,0.00946836260826758,0.043353381816055
"Gm31251",2656.06486045821,-1.21858170456534,0.0793955050825699,-15.348245512111,3.63895424620159e-53,2.29289333196954e-50
"Shisa2",304.52910854629,-1.22776477358573,0.140110579624773,-8.76282702472419,1.90413727009557e-18,1.45856914889321e-16
"Gm35908",25.8988232811529,1.20986236123869,0.399489475384093,3.02852123970339,0.00245753801323342,0.0145596269373638
"Pnoc",125.254391538029,1.4930033803194,0.21173884337343,7.0511548874681,1.77438845960168e-12,7.00184440028276e-11
"Gm30438",23.6816644448367,-1.10442282269848,0.340892644384313,-3.23979657787331,0.00119615001053692,0.00803728866729192
"Gm30806",54.9889770996185,-1.84575928112437,0.258561818135451,-7.13856088433538,9.43130950816476e-13,3.85401189587829e-11
"Nkx3-1",12.7381655656012,1.26861364685298,0.483916561312579,2.62155451636535,0.00875297618332747,0.0407366890133275
"Fgf17",19.6360039388321,-1.02322126665513,0.366274988233815,-2.7935876036448,0.00521269078770893,0.0266742108952239
"Pcdh20",523.360385006672,1.00722362352467,0.114646305960353,8.78548693817485,1.55688639209009e-18,1.20677229748793e-16
"Pou4f1",10.3336537904648,1.73007110803285,0.538252592963534,3.2142364582163,0.00130791916978173,0.00862511314765243
"Slitrk6",269.077779924798,1.28642575677011,0.201826285728415,6.373925735824,1.84249835813999e-10,5.69454437176399e-09
"Capsl",19.2534612563153,1.25898742922249,0.413524156878842,3.04453176018774,0.00233042822742588,0.0139163113929409
"Rxfp3",30.2180065604213,1.41545622655359,0.484645798067868,2.92059939897669,0.00349358731637865,0.0192454530468042
"Arc",6529.34741751716,-1.03586071770897,0.216909372935521,-4.7755461356522,1.79220195253994e-06,2.73492818273146e-05
"Mafa",146.644583213411,-2.42407227326266,0.184923740446641,-13.1084968723208,2.94374986449141e-39,9.4262731316575e-37
"Mapk15",78.588732659185,1.02344649217261,0.317543718203309,3.22300972591541,0.00126851246495085,0.00840212071138859
"Tmprss6",136.198688810356,-2.02521116730182,0.258333338289412,-7.83952694883294,4.5224689774295e-15,2.46752476357906e-13
"Il2rb",48.2141058010967,-1.83616642461802,0.260901956307125,-7.03776411111517,1.95349025688098e-12,7.61627249254613e-11
"Gm31134",8.86271229885989,1.34907872262391,0.522533633235071,2.58180265693443,0.00982857688235431,0.0446572673279895
"Tnfrsf13c",22.0566730883338,1.44505296741977,0.35242005059336,4.10037103447085,4.12488258798192e-05,0.000441244970378154
"Gm30339",7.38367012661512,1.89226501005735,0.639406386902868,2.95940899061554,0.00308229728890691,0.0174169645434627
"Gm17546",23.7402150658816,-1.10408052782288,0.323971609899458,-3.407954567888,0.000654517912184591,0.00487407486797622
"Endou",30.4316906133553,1.21044912931278,0.422730913512419,2.86340338645997,0.00419116608105924,0.0223616626772276
"Gm16537",21.214054249873,-1.73191182106786,0.348504590686261,-4.96955238855664,6.71076379181974e-07,1.12419681943066e-05
"Nr4a1",5105.62976862663,-1.04014109076226,0.20810837635129,-4.99807412367913,5.79057275933019e-07,9.84397369086132e-06
"Krt73",7.66881533185177,1.52216961947472,0.572767351768248,2.65757050358314,0.00787061258854825,0.0373538236443777
"Hoxc6",7.71121441981775,4.80554929066882,1.15681154762697,4.15413322984775,3.26522894600316e-05,0.000360745005669003
"Itga5",1448.84398321769,-1.22182091805491,0.105372867107709,-11.5952137546567,4.35776290328429e-31,9.15270782686582e-29
"Gm41414",18.4807460278943,1.22395421168477,0.406708553460785,3.00941350082223,0.00261752601095796,0.0153124095753345
"Tmem114",26.9913600372425,-1.98318799037359,0.415749769363802,-4.77014814321689,1.84090481731242e-06,2.80268073238998e-05
"Gm35685",44.3832833173816,1.43560300834898,0.262762261621739,5.46350529748298,4.66823332278364e-08,1.00202858784542e-06
"Fbxo40",35.1118735295702,1.15481871317386,0.398085152676315,2.90093389670538,0.00372052354354618,0.0202883825728888
"Abi3bp",650.2420022326,-1.36187543475437,0.0817811272791772,-16.6526860177082,2.8931994989429e-62,2.56876662785689e-59
"Cldn14",75.5010621782667,1.24734210262998,0.211816298701826,5.88879189313881,3.89028951643666e-09,9.71726663996896e-08
"Dynlt1c",13.432098655629,1.79532339839213,0.618777406329222,2.90140425301328,0.00371494287698504,0.0202636077118539
"Ccr6",51.3417701346814,-1.60057635276745,0.271698026453554,-5.89101206828629,3.83837518847734e-09,9.59986972554775e-08
"Gm8465",18.2121382232284,-1.77693175687581,0.403668162735148,-4.40196161331077,1.07276539959733e-05,0.00013545136748762
"Pde10a",60998.650238029,-1.02549730974636,0.071590727161802,-14.3244432680316,1.53956901520603e-46,6.53747860304769e-44
"Mas1",47.1376601857225,-1.54292945515626,0.294024848979563,-5.2476158410118,1.54080166489204e-07,2.98280266802143e-06
"Gm36798",28.7749594806592,2.15786588802996,0.330812072856501,6.52293572419287,6.89444134595081e-11,2.27098014857432e-09
"Prss33",7.7754089897054,-2.19130008454646,0.626649454746906,-3.4968514979902,0.000470783825242886,0.00368569958255283
"Prss41",25.6601808424472,-1.1167678352553,0.313037707009146,-3.56751857763472,0.000360377836319721,0.00293792165143285
"Prss32",13.6093995950331,-1.34055002638377,0.424945108338008,-3.15464279992953,0.00160694716121908,0.0102207615210699
"Baiap3",1965.51494804211,1.04352810075185,0.324751155288336,3.21331605371914,0.00131211815679613,0.00864404855200631
"Mslnl",24.8896962916637,-1.85854245987139,0.36578320267834,-5.08099455158892,3.75463888800147e-07,6.64305809776565e-06
"Gm41590",21.0472989621822,1.06481562019293,0.340550620993884,3.12674696374155,0.00176751982444985,0.0110834557723849
"Gm34686",38.3218057059354,1.01138231451591,0.267007011740709,3.78784927003363,0.000151956985747471,0.00139154983713331
"LOC102632541",41.9733914781437,-1.09947997698248,0.246960240071585,-4.45205259220584,8.50533266158071e-06,0.000110756441919104
"Greb1l",295.880455975609,1.17841044013433,0.112975832997804,10.4306417475783,1.79670678855724e-25,2.67901325960981e-23
"Dsg2",112.048695081508,1.25035221807673,0.164905038640951,7.58225599642916,3.39597360565337e-14,1.70086031895455e-12
"Klhl14",108.94328031852,1.00352530085428,0.179252748476199,5.59838166714376,2.16362007002826e-08,4.86329008375858e-07
"Myo7b",15.3322140207696,-1.86645819024366,0.418734187751802,-4.45738190202414,8.29667177756707e-06,0.000108473152497468
"Egr1",13045.3049434171,-1.12753041179532,0.0996384460591829,-11.316218351354,1.09076398920189e-29,2.10949435654262e-27
"Zfp474",27.2912896382101,1.18700779674586,0.368061453284286,3.22502610950957,0.00125961180560381,0.00836301747072031
"Adamts19",76.551069016436,2.09963463165524,0.372904272848945,5.63049228590027,1.7969597863071e-08,4.10046910116082e-07
"Mir6982",27.5048897394699,-1.31094531327067,0.305489012291485,-4.29130103055825,1.77629320226834e-05,0.00021130001389894
"Gm52348",40.564471595459,-1.12441758532529,0.250492439483615,-4.48882843587318,7.16159439459909e-06,9.48017419421455e-05
"Gm46636",11.8376974797457,-1.37659750595338,0.475203096903415,-2.89686139447272,0.00376916240707988,0.0204963945705711
"Gal",25.7759276889177,1.91798386525071,0.532853632922627,3.59945723693549,0.000318882065179345,0.00264377053444319
"Acy3",95.6833932816185,1.45460268664467,0.184240773744619,7.89511820364441,2.90040221808227e-15,1.63738602675725e-13
"Lrrc10b",9077.36112624667,-1.11326831211564,0.0834522592240591,-13.3401818293097,1.35129539659651e-40,4.6306759617052e-38
"Zp1",10.2220034964033,-1.55388452700552,0.504439264567372,-3.08041946008741,0.00206709251955915,0.0126137201451262
"1700028P14Rik",8.06547971588001,1.51440110877009,0.584269731398345,2.5919554400767,0.00954321314553988,0.0436347337012712
"Ch25h",24.8433101530091,-1.25075100722461,0.410547062592054,-3.04654720783481,0.0023148612586901,0.0138360419112588
"Wnt8b",50.2664855798162,-2.55622232745029,0.291689298642868,-8.76351082930889,1.89261716383602e-18,1.45545240398461e-16
"Kazald1",136.454668458442,1.22937429074509,0.155840344252257,7.88867797131604,3.05404462212988e-15,1.7142141840248e-13
"Tcf7l2",467.426132973983,1.34055915853999,0.482765509891634,2.77683291592413,0.0054891388463269,0.0278274978160663
"Plekhs1",11.2611943306234,1.99679805848786,0.518059968405954,3.85437628896884,0.00011602503229786,0.0011033675539796
"Gm39507",8.87293824652403,1.44168093681604,0.542491127982361,2.65751984217319,0.00787179564340039,0.0373538236443777
"Arhgap36",88.5720314020819,1.4872652573539,0.529070959380633,2.81108843905361,0.00493742123628369,0.0255612639831247
"Brs3",13.1757600939164,2.10118217457718,0.555852847977581,3.78010508036819,0.000156762184557969,0.00143085782755645
"Pgr15l",10.9764105331453,1.66700989292733,0.626064728476083,2.66267977911012,0.00775211468483224,0.0369682754245186
"Dgat2l6",40.4108700764223,-2.10437676949592,0.279964297162626,-7.51658976099201,5.62234848057342e-14,2.72509510846254e-12
"Arr3",73.4277577029757,-1.21590102422979,0.204849498098932,-5.93558214940106,2.92804666151054e-09,7.46651898685187e-08
"4933403O08Rik",14.0901285858783,1.43207681054394,0.51369335562486,2.78780481558294,0.00530665055163186,0.0270555810634342
"Pof1b",9.5416373732172,1.48842763271022,0.51337752014042,2.89928478423267,0.00374015012650237,0.0203669786509537
"Sytl4",74.9899835158754,1.27962855310136,0.360107613376653,3.55346153640729,0.000380196790610669,0.00308532775695812
"Gm24627",6.80307582017341,-1.92081402808567,0.686464294729778,-2.7981266364943,0.00513999559764497,0.026393147741535
"Phex",174.421143469986,-1.80860904768548,0.161152463532941,-11.2229686598355,3.1453133475355e-29,5.96479666188455e-27
"Rnf138rt1",18.8862210789241,1.74727877600582,0.379395761590843,4.6054251335843,4.11624057555527e-06,5.81783843432136e-05
"Erdr1_1",74.3724570915035,2.1298243597185,0.646521030092653,3.29428473411495,0.000986724907158248,0.00683222176941583
"Celf1_1",52.6122179116863,3.39832120111924,1.10601889619633,3.0725706520985,0.00212223588347323,0.0128777985436106
"Cacng7_1",46.0667932502887,-7.05836198744395,2.7746575488466,-2.54386779744335,0.0109632569480593,0.0487025922143375
"Atg2a_1",12.7711709206652,4.25111997899881,1.52324970928083,2.79082277390088,0.00525742507408457,0.026861962849096
"Rasgrp2_1",87.0475672872122,-1.67194665997254,0.640712866887752,-2.60951004167277,0.00906719848542208,0.0418995949883486
"Atp6v1e1_1",30.8060022355752,1.41603436087633,0.524382785699692,2.70038300167862,0.00692596926115527,0.033812786197987
"Ttc3_1",72.2946180868819,-1.00968372951829,0.270307516560041,-3.73531503070142,0.000187480340447194,0.00167599702057439
"Hipk1_1",58.6645374662186,1.79005159726314,0.688855551341874,2.59858775003869,0.00936081165192361,0.0429919430982892
"Phtf1_1",7.33091391522427,2.56868395068283,0.958395486198712,2.6801920372883,0.00735799346127985,0.0354435724486262
"Phc2_1",15.0078527621635,-2.23122535818491,0.658213532809038,-3.38981993983438,0.000699385447853879,0.00515124281784684
"Exosc10_1",15.7865773571893,4.49074298047565,1.47154114376018,3.05172777500507,0.00227528347168736,0.0136412253076947
"Clstn1_1",110.187038129971,-2.38077527493039,0.858238822002054,-2.77402421551689,0.00553675567087801,0.0280252522724178
"Rere_1",9.86438407743934,1.63246925415155,0.603447544554899,2.70523804244768,0.0068255458600471,0.0334060103443498
